"username","content","score","version","at","impact","app","platform"
"Belinda","ini kenapa koq tidak  bisa masuk otp berkali tidak  muncul di sms hp saya pulsa saya ada klommg harus pakai pulsa kenapa tidak  pakai alternatif lain jika otp via sms tidak  bisa seperti ke wa  saya mau perpanjang gadai saya ini gak sempet ke teller pegadaian","2","3.1","2023-10-06","Negative","pds","Android"
"Celine Gulo","kok aplikasi pegadaian digital jadi lemot gini mau login ga masuk masuk tambah emosi nihhhğŸ˜¬","2","5.5.0","2023-10-06","Negative","pds","Android"
"M.Rezza Syahrizal","lelet banget capek","1","5.3.1","2023-10-06","Negative","pds","Android"
"Moko Nugroho","halo kak admin pegadaian digital kenapa ya ini untuk mau login saja ga bisa hanya muter dengan tulisan silahkan tunggu hampir  menit cuma nungguin buat login doang trus eror keluar dr aplikasi untuk pengaduan hal seperti ini kontak kemana ya sementara bintang satu ya admin mohon maaf ğŸ™ğŸ™ğŸ™","1","5.5.0","2023-10-06","Negative","pds","Android"
"Abdurohman 1996","kenapa apk digital pegadaian loading terus sudah d akali bagaimanapun padahal saya sudah pake ram gb","2","5.5.0","2023-10-06","Negative","pds","Android"
"Rudianto ST","parah aplikasi sering error udh buat akun udh transaksi tpi di aplikasinya akun belum aktif parah bagaimana yah kalao kita transaksi besar takutnya uang kita hilang","3","5.4.0","2023-10-06","Neutral","pds","Android"
"Nurhalilah Siregar","tolong buat pegadaian seleksi karyawan itu yg benarbenar berpengalaman sya udah lama jadi nasabah pegadaian cicilan gk prnah telat tiba sya mau naikkan limit sya di over ke cro yg super lelet stelah sya di survei udah acc pengurusan  minggu lebih tiba kasih kabar dana habis apaan kyk gitu","1","5.5.0","2023-10-06","Negative","pds","Android"
"Gilang Prayoga","sorry saya hapus aplikasi ny mohon untuk tim it nya ini saya verivikasi akun premium muter terus thanks","5","5.5.0","2023-10-06","Positive","pds","Android"
"taufik ardijono","aplikasi gmn sh udh login malah ketutup lagi smua intruksi cs sudah dilakukan tp hsil nihil","1","5.5.0","2023-10-06","Negative","pds","Android"
"Muhammad Ridwan Effendi","cukup memuaskan aplikasinya  pelayanannya","4","5.5.0","2023-10-05","Positive","pds","Android"
"Saiful Bahri","jos","3","5.5.0","2023-10-05","Neutral","pds","Android"
"Aiu Ska","dulu ngecek jatuh tempo enak pake whatsappskrg ga bisa lagi terus diarahkan ke app iniudah punya akun tapi ga bisa buat ngecek jatuh tempo app ga guna mending pake whatsapp aja lagi","1","5.5.0","2023-10-05","Negative","pds","Android"
"Soulzayn Photography","gak gelas","1","5.5.0","2023-10-05","Negative","pds","Android"
"Mia Olobersyker","mau login aja susah ganti password ttp juga susah gak perlu di update mulu klo sama aja","1","5.5.0","2023-10-05","Negative","pds","Android"
"I Made Budhi Dwipayana","saya ga bisa login lewat user id maupun fingerprint mohon dibantu terimakasih padahal kemarin bisa","4","5.5.0","2023-10-05","Positive","pds","Android"
"DE AUF FAMILY","paswode bener tp sering gagal login sumpahtiap login suruh lupa passwordtolong di perbaiki","1","5.5.0","2023-10-05","Negative","pds","Android"
"Riani Indriani","mohon diperbaiki ya engga jelas banget apk nya susah banget login uninstal deh","1","5.5.0","2023-10-05","Negative","pds","Android"
"X Pander","buka aplikasi lain lancar jayagiliran masuk apk pegadaian leletnya luar binasa mengatasi masalah jadi masalah baru lagitlong lah di perbaiki cari solusi biar mudah malah buntung","1","5.5.0","2023-10-04","Negative","pds","Android"
"Erni Kiki M Purba","lelet makin di upgrade makin lelet semua data di hapus ternyata aplikasinya yg tak beres di kasi no yg di hubungi direspon pun tidak hadeeeh mengecewakan","1","5.5.0","2023-10-04","Negative","pds","Android"
"Zulfa Adja","mohon infonya kak aku kan abis ganti nomer trs nomer dipgdaianku ini no yg lama aku udh lapor dipegdain trdekat buat ganti nomer yg lama dengan nomr yg baru ini dan ini udah bln lebih tp blom ada pncerahan ini gmna ya kak caranya ganti nomer diaplikasi ini adakah yg tau mohon infonya","4","5.5.0","2023-10-04","Positive","pds","Android"
"Sri Utami Halman","aplikasi dan pelayanan paling buruk sedunia saya mau urus ubah nomor hp krn sudah lama hilang diminta chat ke wa admin wa semuanya sangat tidak solutif setidak saya bertanya kelanjutan proses saya diminta tunggu x jam setelah difollow up kembali tetap tidak ada jawaban sampai akhirnya sudah  bulan kalau ada rating minus ini aplikasi dan seluruh pelayanan digitalnya minus sejuta","1","5.5.0","2023-10-04","Negative","pds","Android"
"Adah 123","kog gk bisa bli emas","1","5.5.0","2023-10-04","Negative","pds","Android"
"Rifan Aldio","tampilan oke modern  kecepatan oke fitur oke overall bagus gapaham sama yang posting bilang aplikasi ini buruk kenapa","5","5.5.0","2023-10-04","Positive","pds","Android"
"Harsono No","transaksi pembayaran buka tabungan udah eh malah nyangkut","1","5.5.0","2023-10-03","Negative","pds","Android"
"Muridhal Mury","sofar so  bagus  aplikasinya benar  benar sangat membantu dalam transaksi","5","5.5.0","2023-10-03","Positive","pds","Android"
"nelson ture silitonga","lancar jaya","5","5.5.0","2023-10-03","Positive","pds","Android"
"Sinta Risakotta","terima kasih pegadaian digital saya sudah kembali normalğŸ™","5","5.5.0","2023-10-03","Positive","pds","Android"
"ISNI NURAFNI","mantap","5","5.5.0","2023-10-03","Positive","pds","Android"
"MrJange","dari tadi pagi sampai siang mau login ke akun keterangan opss coba lagi gitu terus","1","5.5.0","2023-10-03","Negative","pds","Android"
"Imas Masithoh","udh daftar tpi ngga bisa login masa disuruh masukin trus no hp  email udh dimasukin ttp aja ngga bisa ini aplikasi bukannya mempermudah malah nambah mumet aja","1","5.5.0","2023-10-03","Negative","pds","Android"
"Ary Julia","udah upgrade ke akun premium login nya malahan tambah susah n ribet akun ke blok padahal id sama password nya udah betull  mohon di tingkatkan lagi min biar penguna terbantu n terus memakai aplikasi ini  bukan nya malahan kesusahan kaya begini","4","5.5.0","2023-10-03","Positive","pds","Android"
"Yuni Si Yunie","gk bisa dibukasilahkan tunggu teroosssss","1","5.5.0","2023-10-02","Negative","pds","Android"
"cah ndeso","ayolah kenapa yg bumn kok payah amat ya app nya mau daftar mentok di tahap  gak ada notif gagal apa gimana di klik lanjut gak mau kagak ada keterangan kenapa","1","5.5.0","2023-10-02","Negative","pds","Android"
"New Beat","tidak puas dengan pelayanan wa online nya dan cara kolektor nagih nya ikut campur keuangan pribadi nasabahterima kasih","1","5.5.0","2023-10-02","Negative","pds","Android"
"Araflin","dari kemarin tidak bisa login keterangan  oops silahkan coba lagi sudah dicoba berkalikali tetap tidak bisa update akhirnya bisa dipake lagi tingkatkan terus pelayanannya harapan kedepan saat maintenance bisa di infokan","5","5.5.0","2023-10-02","Positive","pds","Android"
"Lukman Pecinan","cicil emas sudah saya bayar tapi tidak ada notifikasi pembayaran berhasilalhasil dana saya nyangkut gak tahu dimana parah banget pelayanannya sangat tidak rekomen  lelet dan gak ada kejelasan dana saya","1","5.5.0","2023-10-02","Negative","pds","Android"
"basheera Group","sungguh tidak nyaman","1","5.5.0","2023-10-02","Negative","pds","Android"
"Santi Meilani","apaaaan uang saya sudah transfer buat pembukaaan rekening sampe  kali tapi aneh banget ga muncul notif apa apa kan keselll uang melayang  gitu aja","1","5.5.0","2023-10-01","Negative","pds","Android"
"Herlianti Kusuma Wardani","aplikasi lelettttt","1","5.5.0","2023-10-01","Negative","pds","Android"
"imam sadaruddin","mengecewakan sekali garaÂ² saya ganti no hp gk bisa log in ke aplikasi proses verifikasi melalui no hp lama yg sdh tidak  aktif lg padahal ada opsi lain melalui email pernah di urus secara offline di kantor cabang pegadaian jawaban petugas harus di laporkan dahulu ke it kantor pusat dan sudah  bulan ini tidak ada kejelasan solusinya mohon solusi nya karena saya kesulitan log in ke aplikasi dan akhirnya mempersulit saya bertransaksi di pegadaian","1","5.4.0","2023-10-01","Negative","pds","Android"
"Agustiadi Tanjung","jujur pegadaian sudah menerima ratusan keluhan aplikasi nya lemot parah dari pelanggannya sampai hari ini tidak ada perubahan dari pihak pegadaian bagaimana ini pegadaian  masa bisa kalah dari pinjol yg ilegal aplikasinya","1","5.5.0","2023-10-01","Negative","pds","Android"
"Nur Hayati","ini gimana sistem nya buruk banget min suruh login trusss","2","5.5.0","2023-10-01","Negative","pds","Android"
"muhamad yusup","cara menabung emas yang benar dan mudah penggunaanya  tapi kadang kode voucher tidak bisa digunakan terutama promo gajian emas dan undian tidak pernah dapat sekalipun sudah punya lembar","5","5.5.0","2023-10-01","Positive","pds","Android"
"Puspa Prakosa","percuma udh dtng di pengadain di tolak alasan yang di gadaikan bukan smart tv tetapi iklan nya tv bisa kecewa bngt","1","5.5.0","2023-09-30","Negative","pds","Android"
"Ricky Rizkyanto","mau update ke premium stuck di silahkan tunggu ga proses ga balik lg tolong di perbaiki klo udah bisa di perbaiki lagi bintang nya","3","5.5.0","2023-09-30","Neutral","pds","Android"
"sony Raharjo","jadikan citra pegadaian digital milik pemerintah menjadi sumber terpercaya bagi masyarakat","1","5.4.0","2023-09-30","Negative","pds","Android"
"Agus Maulana","aplikasi ga jelas top up aja susah tiba tiba metode pembayaran ga bisa di akses","1","5.5.0","2023-09-30","Negative","pds","Android"
"Fuadhi Hilmy fauzan","stuck di logo pegadaian padahal ada infes emas didalam takut keras sekarang di apk ini","1","5.5.0","2023-09-29","Negative","pds","Android"
"Restu Jati Prayogi","banyak bug","1","5.5.0","2023-09-29","Negative","pds","Android"
"Selvia Sinulingga","kecewa asli kenapa sih aplikasi nya buruk banget aku udah berkali instal ulang sama hapus sampah nya tapi tetap nggak bisa masuk kecewa banget sama aplikasi pegadaian ini","1","5.5.0","2023-09-29","Negative","pds","Android"
"Kinanti Alingga","ngerasa app ini kurang okee jauh bgt dr applikasi yg lain setelah liat review ternyata merasa tidak sendiri seharusnya ditingkatkan lagi karena app ini kurang membantu sbg nasabah sudah berekpektasi terlalu tinggi krn ini perusahaan bumn","1","5.5.0","2023-09-29","Negative","pds","Android"
"Yuny Indryani","siipppgames mudah","5","5.5.0","2023-09-29","Positive","pds","Android"
"icha yulisa sofiana","gak bisa masuk kode otp baru masuk saat usah abis kirim ulangnya","3","5.5.0","2023-09-29","Neutral","pds","Android"
"TEKNISI OKESHOP","sudah boking melalui aplikasi sama aja tetap antri juga no telpon kantornya nya pun gak respon kalau di telpon parah  petugas yg di cp mandala nya pun agak arogan macam betul kali gaya nya","2","5.5.0","2023-09-28","Negative","pds","Android"
"Jogi Situmorang","keren","5","5.5.0","2023-09-28","Positive","pds","Android"
"fitra rachmad dian","pelan menghindari riba dengan menabung emas","5","5.5.0","2023-09-28","Positive","pds","Android"
"Ragil Ariyanto","aplikasi apaan ini login aja susah sampah","1","5.5.0","2023-09-28","Negative","pds","Android"
"Muhamad Irkham","coba pelanggan di mudahkn dong kasih pembayaran lewat ewalet seperti dana","4","5.5.0","2023-09-28","Positive","pds","Android"
"Dewi Tri","bintang satu karena super susah masuk nyaselalu berhenti sendiri dan tidak menanggapi apksudah dilaporkan bug everytime setiap buka malah keluar sndiri padahal mau transaksi tabungan emasbintan minus satu klo ada mahsy udh instal ulangudh update masih we","1","5.5.0","2023-09-28","Negative","pds","Android"
"Muh Zhacky","good","5","5.5.0","2023-09-27","Positive","pds","Android"
"Muhammad Al Baihaqi","emas saya jual setengah dari stock emas yang ada malah tulisannya saldo emas anda tidak cukup g jelas banget","1","5.5.0","2023-09-27","Negative","pds","Android"
"Mahmed Furqhaan","unik ya transaksi tabungan emas di pegadaian digital pas sebelum milih metode pembayaran di bilang free admin eh setelah milih metode langsung kena charge dong wkwk","3","5.5.0","2023-09-27","Neutral","pds","Android"
"mustakin kahala","alplikasinya jelek gak bisa di buka","3","5.5.0","2023-09-27","Neutral","pds","Android"
"Helen Tambunan","tidak bisa masuk ke aplikasi saya tlfn hotline cs pegadaian tp respon mereka disuruh update lah di playstore nya aja blm ada arahan utk update ke versi  gmna y","3","5.5.0","2023-09-27","Neutral","pds","Android"
"suyanto chacha","kok ndak bisa masuk lagi ya pakai paswood bilang paswood salah pakai sidik jari juga ndak bisa gemana solusinya ni","3","5.5.0","2023-09-27","Neutral","pds","Android"
"Kathrine Wang","aplikasinya baik dan sangat membantu","5","5.5.0","2023-09-27","Positive","pds","Android"
"hadi wibowo","aplikasi busuk tidak bisa login alasan belibet baru kali ini aplikasi busuk masih kepajang di playstore","1","5.5.0","2023-09-27","Negative","pds","Android"
"dinni wulandari","bagus banget aplikasinya sangat membantu  mempermudah masyarkat","5","5.5.0","2023-09-27","Positive","pds","Android"
"Nur Faizah","memudahkan bagus","5","5.5.0","2023-09-27","Positive","pds","Android"
"Sari Sukmawaty","mudah dipahami dan sangat membantu","5","5.0.0","2023-09-27","Positive","pds","Android"
"riska rahmawati","pegadaian mantaaap sukses terus untuk pegadaian","5","5.5.0","2023-09-27","Positive","pds","Android"
"Nurlena Gucci","ada apa lagi ini knp tidak  bs di buka","1","5.5.0","2023-09-27","Negative","pds","Android"
"Fransiscus Simamora","bagus  ramah","5","5.5.0","2023-09-27","Positive","pds","Android"
"adi","mantaab tidak lagi dengan cara manuaal","5","5.5.0","2023-09-27","Positive","pds","Android"
"Rayhan Pratama","gak bisa dibuka aplikasi nya sama aja pak setelah dihapus cache nya tetap gak bisa","1","5.5.0","2023-09-27","Negative","pds","Android"
"Wahyu Tri Purnamasari","good","5","5.5.0","2023-09-27","Positive","pds","Android"
"Ahmad Rivai","nagus","5","5.5.0","2023-09-27","Positive","pds","Android"
"Iis Diah","keren","5","5.5.0","2023-09-27","Positive","pds","Android"
"Laras Anjanie","bagusss banget aplikasinya","5","5.5.0","2023-09-27","Positive","pds","Android"
"Ronny Sulistyo","good","5","5.5.0","2023-09-27","Positive","pds","Android"
"ahmadi nainggolan","sudah hri ini tidak bsa akses login ke apk pegadaiaan smkin aneh aja","1","5.5.0","2023-09-27","Negative","pds","Android"
"Andreas Putra Purba","mantap","5","5.4.0","2023-09-27","Positive","pds","Android"
"Dimas Prenanda","aplikasi apa inilelet nya minta ampun hoi kalian niat bikin aplikasi ini gag sihgag nyaman bgt aplikasi bya","1","5.5.0","2023-09-27","Negative","pds","Android"
"Rin Sakura","susah ligin nya klo mau pilh menu jga gagal terusğŸ¤¦â€â™€ï¸","1","5.5.0","2023-09-27","Negative","pds","Android"
"Ima Saadiyah","sangat bermanfaat","5","5.5.0","2023-09-27","Positive","pds","Android"
"Ibnu Adyan","demi supenir","5","5.5.0","2023-09-27","Positive","pds","Android"
"Alimusliqin Musliqin","aplikasi nggak jelasudah terlanjur beli emashabis  eh aplnya nggak jelas klo mau nabung di bank ajanggak usah di siniğŸ¤¦ğŸ¤¦ğŸ¤¦","1","5.5.0","2023-09-27","Negative","pds","Android"
"pribu eko","aplikasi engga jelas udah login keluar sediri","1","5.5.0","2023-09-27","Negative","pds","Android"
"Aldi Fajar","mohon di perbaiki sistem nya karena sistem beberapa bulan ini lelet","2","5.5.0","2023-09-27","Negative","pds","Android"
"Muhammad Faizal AF","bagus","5","5.5.0","2023-09-27","Positive","pds","Android"
"Fathian Fatwa","hari muter terus ngk bisa dibuka jangan kan beranda masuk ke aplikasi aja ngk bisa kiraen maintenance tau nya dibuka jam berapa pun gak bisa ğŸ˜©","1","5.5.0","2023-09-27","Negative","pds","Android"
"Rais ilham","bagus memudahkan pengguna","5","5.5.0","2023-09-27","Positive","pds","Android"
"Irmawati idris","pegadaian kalau mau kerjasama dengan shopee yang punya platform gede harusnya kalian harus benar siap kalian punya sistem masih dibawah rata registrasi nasabah aja nunggu lama banget itupun kalau berhasil kalau gagal terus percumapliz perbaiki sy dengan terpaksa uninstall ajapercuma","1","5.5.0","2023-09-27","Negative","pds","Android"
"Ivan Fachri","apk tidak bisa di bukatolong segera di perbaiki","1","5.5.0","2023-09-27","Negative","pds","Android"
"adedhitta vianda","aplikasinya mantep bangett","5","5.5.0","2023-09-27","Positive","pds","Android"
"MINOT KISSOT Official","pegadian buruk","1","5.5.0","2023-09-27","Negative","pds","Android"
"Krisna Adib Setiawan","untuk sekarang aplikasinya payah ketika mau login selalu gagal mohon ada perbaikan","3","5.5.0","2023-09-27","Neutral","pds","Android"
"Maria Sianturi","akun tidak jelas lemot pelayanan juga lambat buka tabungan sudah bayar untuk pembukaan tapi tabungan tidak terbuka harus menunggu  hari kerja aplikasi bukannya membantu agar nasabah tidak ribet ini malah habisin waktu  hari buat nunggu belum tentu juga tabungan terbuka bisa jadi dana di refund kemudian buka ulang","1","5.5.0","2023-09-27","Negative","pds","Android"
"Muhammad Amri Syahreza","masalah aplikasi tidak bisa dipakai minta solusi ke cs wa tetapi yang diberikan hanya solusi itu saja yang sudah saya kerjakan semua tapi tidak berhasil aplikasi dan it tidak bagus saya pakai aplikasi ini karena males antri bayar","1","5.5.0","2023-09-27","Negative","pds","Android"
"Titania Cahyati","aplikasi busuk","1","5.5.0","2023-09-27","Negative","pds","Android"
"Mimi Ptk","sangat membantu","5","5.5.0","2023-09-27","Positive","pds","Android"
"Rafly Suzuki Ternate","ga bisa login udah daftar boongan","1","5.5.0","2023-09-27","Negative","pds","Android"
"Widiyanto Eko","aplikasi gak jelasduit sudah didalam malah gak bisa dibuka","1","5.5.0","2023-09-26","Negative","pds","Android"
"Septiyadi","tidak bisa login gmna mau top upgak becus ini yg jaga app","1","5.5.0","2023-09-26","Negative","pds","Android"
"Abdul Razak","kenapa aplikasinya tidak bisa masuk padahal user dan password sudah sesuai jaringan juga stabil","1","5.5.0","2023-09-26","Negative","pds","Android"
"nia djabbar","kenapa aplikasinya malah tidak bisa login padahal jaringan bagus","1","5.5.0","2023-09-26","Negative","pds","Android"
"Yusuf Maulana","gak bisa masuk akun padahal username dan password benar","1","5.5.0","2023-09-26","Negative","pds","Android"
"dewi yusnita","koq habis di upgrade ngga bisa login lagi tolong diperbaiki ya min susah mau bolak balik ke kantor cabang","1","5.5.0","2023-09-26","Negative","pds","Android"
"Nur Rezky","tolong dibenahi lagi aplikasinya sudah banyak masukan dr pengguna tp tidak ada perbaikanğŸ‘ gak bisa log in sama sekali sekelas pegadaian tp tidak memperhatikan sistem dengan baik","1","5.5.0","2023-09-26","Negative","pds","Android"
"Piyunk Miyunk","bagusss bgttttt pokoknyaaaa","5","5.5.0","2023-09-26","Positive","pds","Android"
"Nissa dap","hbis update malah g bisa dipake gmn si g bisa login","1","5.5.0","2023-09-26","Negative","pds","Android"
"Deddi Martin","alhamdulillah bisa buat investasi jangka panjang","5","5.5.0","2023-09-26","Positive","pds","Android"
"Lukas Jalu Adi Laksita","upgrade akun susah bgt udah seminggu lebih nggak terproses update terimakasih min sdh direspon","5","5.5.0","2023-09-26","Positive","pds","Android"
"Siti Aminahjenisjau","bagus sangat membantu saya","5","5.5.0","2023-09-26","Positive","pds","Android"
"Mlatifr Aldi","rrencana emasku kok ilang semua siapa yg ganti rugi kalau gini pas buka fitus rencana emas semua tabungan renca emasku ilang pegadaian kemablikan emasku","1","5.5.0","2023-09-25","Negative","pds","Android"
"Muhammad Hanafi","lemot lelet error kayak siput","1","5.5.0","2023-09-25","Negative","pds","Android"
"AGUS HARYADI","biasa saja","3","5.5.0","2023-09-25","Neutral","pds","Android"
"Pinky Kariady","bagusğŸ™","5","5.5.0","2023-09-25","Positive","pds","Android"
"FM23 MOBILE","kok malah ga bisa di buka sih gimana aplikasi ini mana banyak tabungan saya woyyy","1","5.5.0","2023-09-25","Negative","pds","Android"
"SILABAN II OFFICAL II","kinerja bagus","5","5.5.0","2023-09-25","Positive","pds","Android"
"ABDUL RAHMAN OFFICIAL","knp susah bget di buka aplilasinya hampir  bulan coba lagicoba lagi terus gk bisa di buka","1","5.5.0","2023-09-25","Negative","pds","Android"
"Chandra Dra","kenapa aplikasi pegadaian digital sekarang gak bisa login keterangan nya selalu oopscoba lagi","1","5.5.0","2023-09-25","Negative","pds","Android"
"Febriana S. Tinamba","ada kode promonya aktif tapi saat pembayaran kode promonya hilang","1","5.4.0","2023-09-25","Negative","pds","Android"
"Pompy yakuza88","untuk rubah data no hp susah nya dan sudah kecabang malah suruh buat akun barumohon diperbaiki lagi","1","5.4.0","2023-09-24","Negative","pds","Android"
"Asep RD","error mulu susah buat transaksi","1","5.5.0","2023-09-24","Negative","pds","Android"
"Linggar Eko","ini kenapa aplikasi ga bisa dibuka udh  hari lebih tolong segera diperbaiki","1","5.5.0","2023-09-24","Negative","pds","Android"
"nuke shapira","jaringan selalu lelet","3","5.5.0","2023-09-24","Neutral","pds","Android"
"Kemas Reno","tolong diperbaiki dong aplikasinya biar transaksi lebih mudah","3","5.5.0","2023-09-23","Neutral","pds","Android"
"Anggun Kurnia","sy mau gadai tabungan emas bisakah registrasi gadai tabungan emas dilakukan tanpa datang ke kantor cabang terdekatğŸ™","5","5.5.0","2023-09-23","Positive","pds","Android"
"Anggi Prastia","kenapa gak bisa login tapi jaringan lancar","1","5.5.0","2023-09-23","Negative","pds","Android"
"Putri Syaren","mohon konfirmasi segera kenapa hari ini tgl  sept  apl pegadaian tidak bisa di buka  saya coba berkali  malah disuruh buat akun baru akun lama saya kosong ada apa dengan aplikasi pegadaian hr ini","2","5.5.0","2023-09-23","Negative","pds","Android"
"Jou Fier","aplikasi jelek mau daftar aja susah banget otp udh  kali nyoba error semua kodenya sms otp bisa  menit baru dikirim kodenya","1","5.5.0","2023-09-23","Negative","pds","Android"
"Tasman Tahir","mantap","5","5.5.0","2023-09-23","Positive","pds","Android"
"Micx Donal","aplikasinya tidak bisa dibukak tolong perbaiki sistem nya bos","1","5.5.0","2023-09-23","Negative","pds","Android"
"Viona Triaadillah","kenapa si udah  hari ini gak bisa d buka gak ada info perbaikan atau apa udh berkali saya buka coba lagi katanya gak bisa d buka","1","5.5.0","2023-09-23","Negative","pds","Android"
"Bambang ESA","yang lain makin bagus ini makin busuk","1","5.5.0","2023-09-22","Negative","pds","Android"
"widya kurniawati","kenapa saya tidak bisa login ke aplikasi pegadaian digital padahal passwordnya benar terus saya coba pake finger print juga tak bisa malah muncul pemberitahuan suruh buka pakai finger printface id","2","5.5.0","2023-09-22","Negative","pds","Android"
"Loe Aban","buat masuk aplikasinya aja susah lodingnya kenapa tuh","1","5.5.0","2023-09-22","Negative","pds","Android"
"Ilyas Lias","sebelumnya aplikasi ini sangat baik dan mempermudahtapi entah kenapa setelah pernah perbaikan malah sistem nya tambah buruktolong diperbaiki lagikendala saya saat ini adalah tidak bisa login keaplikasi","1","5.5.0","2023-09-22","Negative","pds","Android"
"Hendry Vernandes","saya tidak bisa log in hari inikenapa ya","2","5.5.0","2023-09-22","Negative","pds","Android"
"Rendi Setiawan","aplikasi kenapa begini tadi pagi jam  masih bisa di bukak terus pas mau beli produk login akun gak bisa masuk padahal user id sama password betul malah ada notif oopps coba lagi apanya yg di coba tolonglah perbaiki lagi sistemnya karena banyak uang rakyat disinii termasuk saya","1","5.5.0","2023-09-22","Negative","pds","Android"
"Dodi Firgo","kok lelet sekarang sudah  hari tidak bisa buka aplikasi","1","5.5.0","2023-09-22","Negative","pds","Android"
"maju bersama Ban","aplikasi tambah buruksusah login","1","5.5.0","2023-09-21","Negative","pds","Android"
"Micael Runtuwene","saya tebus pake aplikasi inistatus va bank sudah suksestp di pegadaian masih ada tagihansaya disuru k bank buat ceksaya cek bank katanya disuru cek pegadaianmodel perusahaan kaya apa kalian saya hubungi call centre disuru nunggu  hariwoy saya sudah bayarsaldo saya berkurangteruss maksud kalian apa","1","5.5.0","2023-09-21","Negative","pds","Android"
"Teguh Ramadhany","aplikasi eror terus","2","5.5.0","2023-09-21","Negative","pds","Android"
"RINA ZAHARA","sangat membantu","4","5.5.0","2023-09-21","Positive","pds","Android"
"aryanto","sangat kecewa knapa saldo tabungan emasnya tidak bertambah padahal transaksi pembayaran sudah sukses tapi saldo tidak bertambah bukti pembayaran juga ada harus komplen kemana ini tolong diperbaiki lagi sistemnya agar tidak merugikan kami para nasabah","2","5.5.0","2023-09-21","Negative","pds","Android"
"Ashillah Aqeela","aplikasi paling lelet ampunnnn trs aja muter ga berhasil isi data nasabah juga","1","5.5.0","2023-09-21","Negative","pds","Android"
"Meimei Santy","butuh dana cepat","5","5.5.0","2023-09-21","Positive","pds","Android"
"andi muliawan","pelayanan buruk proses pembuatan akun dari tanggal  sept sampai sekarang  sept belum jadi kalu mau investasi baiknya hindari yang ini cari yang lain aja","1","5.5.0","2023-09-21","Negative","pds","Android"
"Condor Ajah4","mengecewakan ada sesalahan sedikit data dah lapor hampir satu minggu belum ada respon dari kantor pusat sangat mengecewakan  kalau belum siap manual aja","1","5.5.0","2023-09-21","Negative","pds","Android"
"Move your head I can't see the screen","daftar aja ga isa down apa servernya cari team it ny jgn yg magang dong","1","5.5.0","2023-09-20","Negative","pds","Android"
"moch yusuf","udh pengajuan di aplikasi notifnya berhasil tapi setelah kantor cabangnya gak bisa udh chat admin malah jawabannya kantor cabang punya kebijakan masing masing","1","5.5.0","2023-09-20","Negative","pds","Android"
"Weili Kind","klo dana tanggung jangan nabung dsini rugi","1","5.5.0","2023-09-20","Negative","pds","Android"
"Josua febriyan Manurip","tolong dibenahin untuk otp nya masa ubah no tlp yg sdh tidak aktif  tidak bisa dilakukan sudah bolak balik kekantor cabang jawabannya sulit","1","5.5.0","2023-09-20","Negative","pds","Android"
"Mey Ratu Artha","ok","5","5.5.0","2023-09-19","Positive","pds","Android"
"muthia nuriah","raib  juta pegadaian digital innalillahi ini aplikasi perampok ğŸ˜­ğŸ˜­ğŸ˜­ğŸ˜­ nomor hape saya ganti krn nomor lama sdh ga aktif tapi ternyataaa verifikasinya cuma ada satu cara yaitu verifikasi online ini sudah x tibaÂ² jaringannya putus saya masih bisa lihat pegawainya tp bilangnya suara saya tidak terdengar dan dimatikan sepihak harus berapa lamaa begini kenapa verifikasi harus video call sistem kalian yg sampah nasabah yg disalahin jaringannya jelek modus penipuan","1","5.5.0","2023-09-19","Negative","pds","Android"
"Arby Arrazka","dari bulan agustus  sampai saya tulis ulasan ini apk pegadaian digital masih tidak  bisa dibuka tolong tim it nya masa lama sekali maintenance nyasangat mengganggu kalau mau transaksi via aplikasi","1","5.5.0","2023-09-19","Negative","pds","Android"
"Danu Damara","susah masukribet nya minta ampunsalah pin aja untuk reset pin ribet harus ke kantor perbaiki aplikasinya","1","5.5.0","2023-09-19","Negative","pds","Android"
"MikeKenji Shinoda","di tingkatkan lg apk nya masih banyak bug mau apaÂ² serba ngga bisa di suruh ke outlet terus lalu apa gunanya pegadaian digital","2","5.5.0","2023-09-19","Negative","pds","Android"
"Goem Julian","ini orang yg kerja di aplikasinya orang goblog semua kali yamaksain bgt sih pengen punya aplikasi digitaltapi aplikasinya ancur bgt","1","5.5.0","2023-09-18","Negative","pds","Android"
"Jafar Sujen","min ini gimana loginnya ganti hape kok gak bisa masuk lagi kode otp nya kok gak di kirim","2","5.4.0","2023-09-18","Negative","pds","Android"
"Choirum Bahria","disuruhnya bikin pin pin uda bener katanya gagal terus sampe ke blokir gila kali ini aplikasi sampah mana ribet lagi mau jual tabungan sendiri aja dipersulit","1","5.5.0","2023-09-18","Negative","pds","Android"
"Daru Pusaka","aplikasi sekelas bumn harusnya tau kebutuhan clientnya masa fitur nama tanda petik saja tidak ada udh terlanjur nabung emas tp gabisa diambil ke kcp terdekatpun ga bisa ngerubah nama jatuhnya kaya aplikasi sodakoh aja","1","5.4.0","2023-09-18","Negative","pds","Android"
"Brilliananda Nugraha","untuk username apabila terjadi kesalahan input pada nama tidak ada menu untuk mengganti username","3","5.5.0","2023-09-17","Neutral","pds","Android"
"Jeprix Go","kebiasaan aplikasi plat merah mesti jelek  selalu nanggung  entah gak bisa bayar tenaga it atau it nya tenaga magang pokoke gak keren","1","5.5.0","2023-09-17","Negative","pds","Android"
"Jumarni Criwiss","kenapa gak bisa log in padahal pasword nya udah benar malah terkunciğŸ˜ ","3","5.4.0","2023-09-17","Neutral","pds","Android"
"Khaulan Kharima","ribet bgt ga bisa update ganti no hp yg udah ke blokir males nabung lagi","1","5.5.0","2023-09-17","Negative","pds","Android"
"Inayah Zuhur","baik banggeet","5","5.5.0","2023-09-16","Positive","pds","Android"
"Edlen Noor","akun tidak bisa login  sebagai client saya kecewa dengan hal seperti ini merugikan nasabah","1","5.5.0","2023-09-16","Negative","pds","Android"
"Rakyat Jelita","coba deh di baca semua ulasan ternyata yang buka rekening tabungan emas lewat aplikasi  gagal masih percaya pegadaian bisa mengatasi masalah tanpa masalah saya rasa slogan yg tepat untuk pegadaian adalah menambah masalah tanpa solusi","1","5.5.0","2023-09-16","Negative","pds","Android"
"Warga Sexitar","jumat  sept  install apps tapi tidak  bisa login kode otp tidak muncul no hp sudah cek berkali dipastikan benar signal dipastikan bagus pesan lain pun masuk tapi otp tidak","1","5.5.0","2023-09-16","Negative","pds","Android"
"yudha rafi","apk nya lagi bermasalah kah format sudah benar untuk loginmohon diperbaiki kembali apk nya","1","5.5.0","2023-09-16","Negative","pds","Android"
"Mas Prana","masukan bagi it pengembang  tolong segera di perbaiki di menu akun gcash untuk riwayat transaksi tidak ada perincian jika ada dana masuk atau keluar hanya tampilan kosong  sebagai pengguna kebingungan untuk mengetahui histori uang masuk  keluar ataupun transaksi gagal","3","5.5.0","2023-09-16","Neutral","pds","Android"
"Dendy Rurianto","ok","5","5.5.0","2023-09-15","Positive","pds","Android"
"Gibran Fadel Muhammad","aplikasi busukpinter yg bikin","1","5.5.0","2023-09-15","Negative","pds","Android"
"Susanti Susanti","aplikasi jelek jangan nabung disini","1","5.5.0","2023-09-15","Negative","pds","Android"
"Marodhi Chanel","maaf admin ini tidak bs d buka apk nya seperti membuka hati pd mantan yg telah menyakiti perbaiki atau ku kubur di dalam ta","1","5.5.0","2023-09-15","Negative","pds","Android"
"Rose Wati","aplikasi paling jelek yg pernah saya pakai","1","5.5.0","2023-09-15","Negative","pds","Android"
"Agus Sunaryo","sy coba lebih dahu aplikasi dana kur penggadaian smga bisa bantu","3","5.5.0","2023-09-15","Neutral","pds","Android"
"Ahmad Yunus","kenapa saat mau perpanjangan gadai tidak dapat di proses sehingga harus menambah jumlah pembayaran gadainya tolong aplikasinya segera diperbaiki sangat merugikan sekali","1","5.5.0","2023-09-15","Negative","pds","Android"
"hamdan arif","baru mau coba tapi tidak bisa dibukağŸ§ ","1","5.5.0","2023-09-15","Negative","pds","Android"
"Erdo Prasetya","payah otp tidak masuk","1","5.5.0","2023-09-15","Negative","pds","Android"
"hartono widi","sebenarnya bagus  cuma pelayanannya aja yang kurang memuaskan saya ingin gadai di aplikasi sudah di setujui sampai tempat pegadaian di tolak dibilang udah gak bisa hape kaya gini","1","5.5.0","2023-09-15","Negative","pds","Android"
"Alif Lam","thank u admin responnya cepat dan baik ğŸ‘ğŸ‘ğŸ‘","5","5.5.0","2023-09-15","Positive","pds","Android"
"Cici Isnaeni","mau login susah banget kode otpnya ga masuk masuk udah dicoba berkali kali kalo kira kira kaya gini terus mah gausah pake kode otp udah pake finger print aja ribet banget mau bayar cicilan","1","5.5.0","2023-09-15","Negative","pds","Android"
"eddy kurniawan","semakin sukses dan lebih baik lagi aplikasinya","5","5.5.0","2023-09-15","Positive","pds","Android"
"Riny Asriany","aplikasi buruk sudah berkali di install uninstall lantaran gak bisa masuk ke aplikasi minta kode otp mulu tapi dr aplikasi gak ngirim kodenya ku pikir jaringan hpku yg bermasalah tapi sudah cek semua aplikasi perbankan kok lancar jaya cuma aplikasi ini doank yg gak berfungsi","1","5.5.0","2023-09-15","Negative","pds","Android"
"Rahmatia zahira","aplikasi sangat loading kalau digunakan dan selalu tidak update untuk transaksi yang dilakukan dan harus lagi lakukan pelaporan dan laporan yang ditangani selama  hari sangat mengecewakan","1","5.5.0","2023-09-14","Negative","pds","Android"
"Novia Dian Kartika Wulandari 611","emang busuk aplikasi ini sih berkalikali mau masuk masa disuruh harus nunggu sms kode otp tapi berkalikali ditunggu gak masukmasuk notif sama sekali orang mau transaksi juga dipersulit aja jangan buka aplikasi perbankan deh kalau belum bisa benahi nyusahin orang doang ku jual semua tabunganku sih kayaknya ni nyusahin banget aplikasi gak jelas","1","5.5.0","2023-09-14","Negative","pds","Android"
"supandi supandi","aplikasinya lemot parah","2","5.5.0","2023-09-14","Negative","pds","Android"
"Dwicky ikok","saya sudah registrasidaftar dan sudah verifikasi email hinggal sukses namun saat di login pertama kali malah gabisa masuk keterangan nya selalu oops silahkan coba kembali terus menerus gimana ini wahai pihak developer nyağŸ™ segera perbaiki","1","5.5.0","2023-09-14","Negative","pds","Android"
"Hendri Purwanto","sangat buruk","1","5.5.0","2023-09-14","Negative","pds","Android"
"Sugeng Rawuh","mau login susah terus saya ganti nomer hape apakah masuh bisa","1","5.5.0","2023-09-14","Negative","pds","Android"
"Khoerul A6","mohon untuk sistem nya lbih d perbaiki lagisoalnya jelek bangt ada pembaruan data nasabah klik persetujuan nya maaf server kami sedang sibuk terussss kya gtu stiap harijadi susah klo mau bayar lwat virtualaccount","4","5.5.0","2023-09-13","Positive","pds","Android"
"refdi","mau jual emas tidak bisa","2","5.5.0","2023-09-13","Negative","pds","Android"
"Liwon NarA","aplikasi lelet daftarny aj ngetik selanjutny berulang ulang gk kelar kelar blom juga","1","5.5.0","2023-09-13","Negative","pds","Android"
"komang sudiartha","bagus","5","5.5.0","2023-09-13","Positive","pds","Android"
"Ragil Supriyanto","semakin kesini semakin susah untuk log in padahal password dan sidik jari sdh bener  jadi pesimis dan emosi untuk rajin menabung dan hari ini  sep  kasus msh sama selalu eror saat log in pass udh benar tp salah akhirnya keblokir  tlp dan wa cs sama sj hrs menunggu  jam utk buka blokir saatnya berpindah ke yg lain","1","5.5.0","2023-09-13","Negative","pds","Android"
"Nur Azizah","udh masuk malah keluar lagi udah ganti no hape tp sekali mau login lagi malah minta otp ke no lama mau ganti no hp susah banget aplikasi nya keluar mulu nggak guna","1","5.5.0","2023-09-13","Negative","pds","Android"
"Fransisca Frida Refika","harus banyak di perbaiki sihh aku mau login aja susah udh ganti pass berkalkali hapus chace uninstal juga masih gk bisa masuk gimana nihh kok bermasalah banget aplikasinya  telp ke customer service juga penanganannya lama dan gk ada solusi buang buang pulsa ajaa huhuhuuu","1","5.5.0","2023-09-13","Negative","pds","Android"
"Zezi Musodik","sudah  hari kirim data kenapa belum ada update lanjutan untuk akun premium tolong diselenggarakan karena peraturan x  jam","1","5.5.0","2023-09-13","Negative","pds","Android"
"tyan bgr","aplikasi busuk mau tf ga bisa emang permainan ni pegadaian","1","5.5.0","2023-09-13","Negative","pds","Android"
"Herkens Weku","saya kasih â­ lima karena sekarang pelayanan â­ lima juara bobroknya dulu masi bisa tunai sekarang serba teranfer uangnyağŸ˜¡ğŸ˜¡ğŸ˜¡ bukan lagi mengatasi masalah tampa masalah justru menambah masalah","5","5.5.0","2023-09-13","Positive","pds","Android"
"adri Herdian","aku waktu itu sangat membutuhkan dana seketika karena harus buka usaha gas  kg utk membeli tabungnya sdh kan uang gak punya untungi akuo punya cincin pernikahan  gram aku lari ke pegadaian dlm tempo singkat uang sdh ku dapat","1","5.5.0","2023-09-12","Negative","pds","Android"
"Visma Dika","sangat bermanfaat","5","5.5.0","2023-09-12","Positive","pds","Android"
"Farizqo sidik (Farizqo)","sangat memuaskan","5","5.5.0","2023-09-12","Positive","pds","Android"
"Devi MediaRetail","aplikasinya berubahbeberapa bulan yg lalu saldo mengemdapnya  deh klo g slh waktu itu masih bisa jual skrg  minimal saldo lumayan loh itu mengendapnyamending aplikasinya bener giliran mau trf ga bisa ktnya silahkan ke kantor pegadaianlh terus gunanya aplikasi apa ya","1","5.5.0","2023-09-11","Negative","pds","Android"
"yus95 rin","kenapa ketika login selalau gagal padahal no hp dan pasword sdh benar tolong di perbaiki lagi","2","5.5.0","2023-09-11","Negative","pds","Android"
"Agus Suwoko","mau buka aplikasi suruh masukkan kode otptapi g di kirimpas coba lagi malah ada peringatan","1","5.5.0","2023-09-11","Negative","pds","Android"
"Tri cahyadi","aplikasinya lelettttttt bgt","2","5.5.0","2023-09-11","Negative","pds","Android"
"mochamad kosim","lancar kanterutama pencairan","5","5.5.0","2023-09-11","Positive","pds","Android"
"Egi Yoham","aplikasi ga jelas susah amat dikit eror","1","5.5.0","2023-09-10","Negative","pds","Android"
"Gina Yamazaki","aplikasi sampah ga guna banyak bug","1","5.5.0","2023-09-10","Negative","pds","Android"
"Akho Raden","pusii","1","5.5.0","2023-09-10","Negative","pds","Android"
"Dian Sahira","lemot gabisa login","1","4.9.3","2023-09-10","Negative","pds","Android"
"Bagaskara","aplikasi unfaedah gak bsa login","1","4.9.3","2023-09-09","Negative","pds","Android"
"M Ichlasul Amal","susah upgrade ke premium di suruh tunggu terus tapi tidak ada perbaikan","1","5.5.0","2023-09-09","Negative","pds","Android"
"HR info","aplikasinya eroor mau daftar aja susahnya minta ampun","1","5.5.0","2023-09-09","Negative","pds","Android"
"Ibunya Tatang","susah sekali untuk login  kode otp nya ga masuk  ke no hp sayatolong di bantu min","1","5.5.0","2023-09-09","Negative","pds","Android"
"Byun Nita","ngeleg tidak lancar apk nya serasa pengen banting hp yakinkaya kehabisan kouta perbaikin dong","1","5.5.0","2023-09-09","Negative","pds","Android"
"Iknasius Sitepu","buat login susah banget ya jaringan stabil padahal","2","5.5.0","2023-09-08","Negative","pds","Android"
"elmahera indah","sering susah log in","3","5.5.0","2023-09-08","Neutral","pds","Android"
"Rizky Maulana","masuk ke akun sendiri ga bisa padahal pasword benar","2","5.5.0","2023-09-08","Negative","pds","Android"
"Farida Aryani","kecewa dengan pegadaian waktu nabung emas daftar di pegadaian cipinang elok setelah sekarang digital dn posisi pegadaian pindah dn sdh melaporkan utk diaktifkan tetap tidak bisa masuk ke aplikasi nya","1","5.5.0","2023-09-08","Negative","pds","Android"
"Tri","sangat lambat","2","5.1.1","2023-09-08","Negative","pds","Android"
"Elly Yunita","sudah data pribadi semua di isitapi g bisa buka anin awas loh ya data pribadi qt di salahgunakan","1","5.5.0","2023-09-08","Negative","pds","Android"
"Jannah26 B","aplikasi sama orang pegadaian kalimantan utara tanjung selor jahat banget masa sudah bayar di aplikasi barang di lelang malah sudah di ambil orang","1","5.5.0","2023-09-07","Negative","pds","Android"
"Nia Rani","tambah rekening sendiri tidak bisanomor rekening tidak sesuainama sudah sesuai dengan rekening saja masih tidak bisanomor rekening tidak sesuai","1","5.5.0","2023-09-07","Negative","pds","Android"
"putri farid","susah bgt buat masuk ke aplikasi ini tidak ada gunakanya klo aplikasi ini tidak  berfungsi sama sekali tidak  bs membantu sy fikir dengan adanya aplikasi ini dapat mempermudah agar kita tidak  usah capek ke kantor pegadaian ternyata tidak membantu","1","5.5.0","2023-09-07","Negative","pds","Android"
"Kelinci Betina","ini aplikasi apa sih maunya masak saya masuk keluar lagiğŸ˜¡ğŸ˜ ","1","5.5.0","2023-09-06","Negative","pds","Android"
"muhammad fatih Nailul amani","pas mau verifikasi buka aplikasi sering stuck","3","5.5.0","2023-09-06","Neutral","pds","Android"
"Oktaruli Caturnugroho","terbaik","5","5.4.0","2023-09-06","Positive","pds","Android"
"M. Zaenuri","belum pernah bisa mengambil uang dengan digital","3","5.5.0","2023-09-06","Neutral","pds","Android"
"Yunika Putri","tiap log in tidak  bisa  aplikasi mengcapek","1","5.3.1","2023-09-06","Negative","pds","Android"
"Rizqia nabila","susahnya pakai aplikasi ini ndk bisa ganti nomer hpnomer hp sudah gk kpake udah lama knpa bru skrg di kirimin kode otpjadi gk bisa masuk ke akun sendiri","3","5.3.0","2023-09-06","Neutral","pds","Android"
"Kuatiah","perkerjo penbatu dirumh","5","5.5.0","2023-09-05","Positive","pds","Android"
"widi afanie","ga bisa login udh hampir sebulan ya kali di ikhlasin  ga ada solusi apa gmn gtu deh apsnya busuk","1","5.5.0","2023-09-05","Negative","pds","Android"
"Irham Paralla","susah login kebanyakan gangguannya","1","5.5.0","2023-09-05","Negative","pds","Android"
"Gek Yustin","bulan lalu bayar cicilan emas tabungan emas dan bayar kredit masih bisa memakai metode pembayaran shopeepay bulan ini udh  harian mau bayar pakai shopeepay tertera  maintenance sudah wa cs dijawab tidak tahu sampai kapan maintenance nya tolong donk disegerakan normal kembali bila perlu ditambahi metode pembayaran ewallet yg lain","2","5.5.0","2023-09-05","Negative","pds","Android"
"Arcelaus Agung","jangan mau pakai aplikasi ini jelek uang saya hilang  ribu tidak kembali saldo saya costumer servis ribet gabisa di hubungi pihak kesan tidsk menggubris laporan","1","5.5.0","2023-09-05","Negative","pds","Android"
"Jhon Hairi","malah ga bisa dibuka login kembali lagi ketutup mau bilang clear cache utk solusinya udah ampe di hapus data reinstal terus tetap aza ga ada perubahan login langsung ketutup lagi terus balik logo pegadaian dan stuck aza disitu mau bilang jaringan harus bagus pakai jaringan fo wifi speed mbps ga ada efek juga apalagi pakai data biasabenahi dulu aplikasinya ini","1","5.5.0","2023-09-04","Negative","pds","Android"
"Tutik Jogaj","adai apapun itu sangat mudah dan cepat dalam proses nya dan saya sangat berterima kasih kepada pegadaian semoga semakin sukses dan jaya terus semoga allah swt melindungi kita semua aamiin allahhuma aamiin ğŸ¤²ğŸ™","5","5.5.0","2023-09-04","Positive","pds","Android"
"Rudhi Alianzi","kenapa harus ada yang minta data nasabah","1","5.5.0","2023-09-04","Negative","pds","Android"
"Barisman Risman","sumpahhh cok gk jelas aplikasi ini gk gunaaa","1","5.5.0","2023-09-04","Negative","pds","Android"
"Sidiq Bayu Setyawan (Sidiq)","semoga semakin maju bisa transaksi emas dengan lancar","5","5.5.0","2023-09-04","Positive","pds","Android"
"ny aldin","sumpah di buka selama sebulan gak kebuka untuk apa di buat app seperti ini kalau tidak bisa di gunawan benar gak ada gunanyağŸ‘ğŸ‘ğŸ‘ğŸ‘ğŸ‘ğŸ‘ğŸ‘ğŸ‘","1","5.5.0","2023-09-04","Negative","pds","Android"
"Narsih Nurhakim","pengadayan mengataskeuangan yang mendadakğŸ˜Š","5","5.5.0","2023-09-03","Positive","pds","Android"
"Dwi Putri","bagus membantu sering top up dpt poin trus tp sayang poin ditukar undian hilang tp gak ada diketerangan voucher saya","5","5.5.0","2023-09-03","Positive","pds","Android"
"Muhammad Rizal","mantap dan keren bgt","5","5.5.0","2023-09-02","Positive","pds","Android"
"dodolan berkah","susah login lagi mengapa lambat sekali perbaikannya saya pernah urus ini dan ternyata harus ke kantor cabang ğŸ˜­ agak ribet eh sekarang begini lg sebaiknya ditutup aja banyak hak orang dizalimi gara sistem yg buruk","1","5.5.0","2023-09-02","Negative","pds","Android"
"nurul setiyaningsih","pegadaian tolong dong aplikasi saya eror sdh  bln blm bisa terselesaikan sdh ke cabang ter dekat ke cabang utama juga sudah lwt aplikasi wa sdh telp juga sudah tp g ada solusi juga yg profesional donk jangan bikin kesal","1","5.5.0","2023-09-01","Negative","pds","Android"
"Hana Sakira","karena untuk upgrade ke akun premium sangat lama sekali jd saya kasih bintang  dulu","3","5.5.0","2023-09-01","Neutral","pds","Android"
"Bennysastro Banjarnahor","kenapa akun users pengadaian digital saya dibanned apa masalah ya","5","5.5.0","2023-09-01","Positive","pds","Android"
"Lili Sheryl","aplikasi bukan memudahkan malah bikin syulit dari istilah yg ga semua familiar kayaknya hanya cocok buat kalian pegawai pegadaian yg paham trus aplikasi sering ga connect mau memasukkan data offline ke aplikasi digital gak bisa dari pegawai hanya kasih penjelasan seiprit dasar pemborosan buat aplikasi gak guna","1","5.5.0","2023-09-01","Negative","pds","Android"
"Triyudha Wahyu","aplikasi yang sangat menyulitkanudah berkali log in tapi katanya salah masukan nohppasword yang akhirnya terblokirsudah ganti pasword masukkan pasword baru katanya salah terblokir lagibegitu terus","1","5.5.0","2023-09-01","Negative","pds","Android"
"Daeng Nanggung","dimana bayar pake virtual account gratis ini dikenakan biaya admin lagi deh","2","5.5.0","2023-09-01","Negative","pds","Android"
"Ira Suwaibah","aplikasi nya lemot sekali tolong diperbaiki masa pemerintah punya seperti ini sih","1","5.5.0","2023-09-01","Negative","pds","Android"
"Mamah Mamahque","error","3","5.5.0","2023-09-01","Neutral","pds","Android"
"didinsarifudin","min coba dong di upgrade pembayarannya pake kartu credit dan cicilan  pasti laris manis min","5","5.5.0","2023-09-01","Positive","pds","Android"
"Zaen Printing","jelek bngtselalu apk berhenti sendiriselalu dan selalujelek nya kekewatan","1","5.5.0","2023-09-01","Negative","pds","Android"
"Reina Nurmayasari","najiiss apk apaan nihhh lagi darurat butuh uang mau dicairin susahh bgtttt nyeselll asliii nabung disini","1","5.5.0","2023-08-31","Negative","pds","Android"
"sulistia pratiwi","mau masuk ke aplikasi buka aplikasi buka akun itu susah banget selalu muncul notifikasi invalid padahal formatnya dan yg di isi sudah bener ini aplikasi tidak  berfungsi semestinya kata lain sangat buruk bangetpercuma menginstal aplikasi ini yg katanya lebih mempermudah pelayanan yg ada malah sangat buruk","2","5.5.0","2023-08-31","Negative","pds","Android"
"Ari Yanto","apk paling ga jelas sama dengan ngambil duit rakyat gini mah niat mau nabung udah beli emas pas disuruh ferivikasi gabisa ke premium gabisa ya wasalam akhirnya yg udah ditabung lenyap dimakan si perut besar makan ksono duit orang","1","5.5.0","2023-08-31","Negative","pds","Android"
"agung setiyawan","makin di update makin gajelas beli emas ga bisa dijual makin ga bisa mau nilep apa gimana","1","5.5.0","2023-08-31","Negative","pds","Android"
"Zidan Zdn","ni aplikasi kalau setiap make kode promo selalu loading nya lama giliran tidak make kode promo cepat bagaimana ini tolonglah trik begini buat yg mau beli emas gajadi trus kapan lagi dpt promoan plis di benerin bug itu kalau berkenan","3","5.5.0","2023-08-31","Neutral","pds","Android"
"EGA Kusumo","pendaftaran sulit banget","1","5.5.0","2023-08-31","Negative","pds","Android"
"Mbug 88","ğŸ‘ğŸ‘ğŸ‘","5","5.3.1","2023-08-31","Positive","pds","Android"
"Tai Kucing","semestinya dengan adanya aplikasi digital ini memudahkan tapi makin ribet makin banyak syaratnya","1","5.3.1","2023-08-31","Negative","pds","Android"
"vhiany Nugraheni","kenapa ga bs masuk setelah diupdate padahal skrng jth tempo mau nyicil soalny msh punya bayi jf ga mngkn ke pengadaian langsng","3","5.5.0","2023-08-31","Neutral","pds","Android"
"Rika Yolanda","aplikasi terlalu sering bermasalah pada saat log in padahal sinyal sudah stabil password sudah benar tapi tetap tidak bisa log in","1","5.5.0","2023-08-31","Negative","pds","Android"
"amora anggel","bagus","5","5.5.0","2023-08-31","Positive","pds","Android"
"habibi ritonga","parah gak bisa dibuka","1","5.5.0","2023-08-31","Negative","pds","Android"
"Sandi Arisila","makin kesini makin susah buat login","1","5.5.0","2023-08-31","Negative","pds","Android"
"Denny Marwan","keseringan error hadech user bener pin juga bener tapi tetep aja ngga bisa masuk ya kalo lagi error tolong di info dong","1","5.5.0","2023-08-31","Negative","pds","Android"
"wella yunita","saya ingin login  password dan email sudah benar kenapa gak bisa masuk ya berkali coba sudah restart hpapp dll masih sama","2","5.5.0","2023-08-31","Negative","pds","Android"
"Gibran Arif","kok susah banget si buat loginnya tolong diperbaikin donggg","1","5.5.0","2023-08-31","Negative","pds","Android"
"lin Zhang","kenapa akun saya gak bisa login","1","5.5.0","2023-08-31","Negative","pds","Android"
"Fadhillah Aisyah","eror terus","1","5.5.0","2023-08-31","Negative","pds","Android"
"karina puspa","parahhhhhhh minta update eh malah nge hang gimana sih","1","5.5.0","2023-08-31","Negative","pds","Android"
"Alif TheHunter","tolong diperbaiki server nya lemot semenjak update login susah bgt","2","5.5.0","2023-08-31","Negative","pds","Android"
"Ayumia Shasy","membantu ndak perlu keluar rumah saat mengangsur tapi tolong dintingkatkan supaya tidak sering trouble","5","5.4.0","2023-08-31","Positive","pds","Android"
"J P","aplikasi busuk semua aplikasi termasuk perbankan sy lancar begitu masuk pegadaian leletnya minta ampun akhirnya saat pembayaran transaksi sy pun bermasalah jadi bukan jaringan sy yg bermasalah anehnya sy coba masuk ulang login malah masuk ke milik orang padahal user dan password sdh benar mengecewakan gak ada perbaikan sejak sy pakai aplikasi ini","1","5.5.0","2023-08-31","Negative","pds","Android"
"Budiman Siregar","kenapa pegadaian digital gak bisa dibuka","1","5.5.0","2023-08-30","Negative","pds","Android"
"ALFIE Juli","tolong dong klo stiap login jgn auto logout dong masuknya lg susaahh loadingnya lamaaaa","3","5.5.0","2023-08-30","Neutral","pds","Android"
"Evita Narendra","mau login susahnya minta ampun sering keluar keluar sendiri mohon untuk diperbaiki lagi sistemnya","1","5.5.0","2023-08-30","Negative","pds","Android"
"KALPA WREKSA","aplikasi jelek saya kira bisa full dijual emasnya ternyata ada pengendapan  persen hadeh","1","5.4.0","2023-08-30","Negative","pds","Android"
"Sedelima simanjuntak","ini aplikasi update mulu setiap mau nabung buka aplikasi updated mulu","1","5.3.0","2023-08-30","Negative","pds","Android"
"Vina Dwipayana","buka aplikasi kode otp tidak terima sudah dipastikan pulsa terisi dan tetap saja kode otp tidak  masuk","3","5.5.0","2023-08-30","Neutral","pds","Android"
"miftakhul mahfirah ermadona","bagus","5","5.5.0","2023-08-30","Positive","pds","Android"
"Bonifacius Dian Purba","aplikasi tololll mau upgrade premium loading mulu gak berhenti percuma kalian bumn tapi bikin aplikasi aja nggak becuss kalah jauh sama perusahaan kecil perbaiki segera fiturnya biar masyarakat pengguna tidak kecewa","1","5.5.0","2023-08-30","Negative","pds","Android"
"Dewati","ini kenapa ya setiap mau beli emas di aplikasi metode pembayaran nya nggak muncul muter muter terus tapi lewat website lancar udah bulan kayak gini sudah nanyak ke cs nya dan diarah kan suruh hapus trus install lagi tapi tetep nggak bisa mohon bantuannya","2","5.5.0","2023-08-30","Negative","pds","Android"
"Tati Najikhah","opssilahkan coba lagi gituuuu terus weeeee","1","5.5.0","2023-08-30","Negative","pds","Android"
"dewa widana","sedih gak bisa ikut undian penukaran poin soalnya aplikasi tidak  bs login sampai dengan hari","1","5.5.0","2023-08-30","Negative","pds","Android"
"Panji Laras","pegadaian digital adalah aplikasi yang bagus","5","5.5.0","2023-08-29","Positive","pds","Android"
"Girsang Florens","emang sering banget errornya ini aplikasi yakadang log in susahmau nabung emas pake promo gajian emas gagal mulumau tuker poin juga susahkirain saya aja yg alamipas liat review emang aplikasinya ratingnya lowhmmmmikir lagi nih mau nabung diaplikasi ini","1","5.5.0","2023-08-29","Negative","pds","Android"
"corinna theodora","apknya masih perlu banyak sekali perbaikan masalah yg saya hadapi adalah log in dengan fingerprint yg perlu lebih dari  kali untuk masuk selalu meminta sid setiap update apk loading yg lama untuk setiap menu dan proses upgrade akun yg rumit mohon untuk diperbaiki kembali jika permasalahan tersebut terus berulang ke semua nasabah mungkin pegadaian digital ini akan sulit bersaing dengan apk finansial lainnya karna banyak nasabah yg mulai jengah dan memberikan feedback negatif terima kasih","2","5.5.0","2023-08-29","Negative","pds","Android"
"Putri Marsel","mau masuk login ga bs maunke kantor nya jauh org pegadian nya yg ajarin biar gampang katanya makanya donlot yg digital ky mana lah jd mau nabung aja susah di perbaikin dong aplikasinya","2","5.5.0","2023-08-29","Negative","pds","Android"
"jt siomelan","ngelag kadang banyak fitur yang seperti tombol tapi nyatanya ngga bisa di klik buruk banget uiux nya","2","5.4.0","2023-08-29","Negative","pds","Android"
"Ganda HAR","bismillah pgas","5","5.4.0","2023-08-29","Positive","pds","Android"
"Mawar Ramidsa","aplikasi teribet yg pernah ada bukan memudahkan tpi mempersulit buka aplikasi nya loading lama x","1","5.5.0","2023-08-29","Negative","pds","Android"
"rig tujuh","perasaan ratting nya buruk banget ini aplikasi woy developer cepetan update","2","5.5.0","2023-08-29","Negative","pds","Android"
"Emil awis","aplikasi sampah","1","5.5.0","2023-08-29","Negative","pds","Android"
"Meisy Astria","mau tukar poin ga bisa","3","5.5.0","2023-08-29","Neutral","pds","Android"
"Andri Rizky Firdaus","mantab","4","5.5.0","2023-08-28","Positive","pds","Android"
"Putra Atmaja","angel","5","5.5.0","2023-08-28","Positive","pds","Android"
"Saeful Munawar","emk apk ini sangat merugikan lebih baik jangan di download ya klo pingin uang anda utuh tinggal saja apk ini bnyak memakan korban ujung nipu ya yg sudah terlanjur download uninstal saja karena tidak manfaat klo di terus kan wassalam","1","5.5.0","2023-08-28","Negative","pds","Android"
"ilfhan Anjara","di jaman yang serba digital dan serba pakai aplikasi kenapa aplikasi pegadaian digital sama ribet pembaharuan data pun berteletele","1","5.5.0","2023-08-28","Negative","pds","Android"
"linda82 yana","pegadaian is the best lah","5","5.5.0","2023-08-28","Positive","pds","Android"
"Opa Mustopa (Kang mus)","sudah gak semangat lg poin susah di lacak ny","1","5.5.0","2023-08-28","Negative","pds","Android"
"rooseline octina","apliksiny msih perlu bnyk diperbaiki sering perbaikan sistem untk upgrade premium berkali dibilang g singkron sampai hrus dtg ke kantor cabang lagi pandemi gini smpai kantor cabng juga ga ad solusi belum bisa upgrade juga masukin otp berhasil suruh msukin pin tapi dicoba berkali sistem deteksi pin berbeda hedeeeeeeeehhh update  mau gadai dan jual tabungan emas hrus k kntor cabang lagi g dksh tw sklian pas dulu dftr sampai ditempat urus  jam ttp tidak  bisa server lemoooootttt","1","5.5.0","2023-08-28","Negative","pds","Android"
"Tri Isyadi.N","ribet mau upgrap ke premium harus ke kantornya udah sampai kantor suruh bawa buku tabungan bank mau tak tarik semua tabungan masnya kalau begini","1","5.5.0","2023-08-28","Negative","pds","Android"
"Afri Yadi","aplikasi susah log in minta kode otp lama nya minta ampun sehari baru ada itu pun gk bisa dipakai waktu nya habis","1","5.5.0","2023-08-28","Negative","pds","Android"
"Wong Sai Ce","sejauh ini aman keren sih","5","5.2.0","2023-08-28","Positive","pds","Android"
"Ratna Damayanti","kok makin diupdate malah gak jelas yabaru klik buka lngsung kluar sendirinelp cs jga susah bnget padahal dulu sebelum diupdate slalu lancar  dlu mskipun ganti perangkattetap lancarskrang gak ganti perangkat hanya diupdate tp malah keluar sendiri","1","5.5.0","2023-08-28","Negative","pds","Android"
"sherly suriady","tgl  agustus  melalui aplikasi pegadaian digital ini tukar  poin ke voucher undian namun hasilnya tidak mendapat voucher undian tapi saldo poin tetap menjadi  sudah lapor via whatsapp namun jawabannya tidak jelas","5","5.5.0","2023-08-28","Positive","pds","Android"
"Aabdul Nun","mari kita ramaikan","5","5.5.0","2023-08-28","Positive","pds","Android"
"Siti Marifah","maaf ribet bgt ngurus kode otp yang gabisaÂ² uda mau  bulan belum bisa","1","5.5.0","2023-08-27","Negative","pds","Android"
"waka azka","bisa buat jembatan","5","5.5.0","2023-08-27","Positive","pds","Android"
"eli lismawaty","cs nya satset ğŸ‘ğŸ‘ cepat tanggap dan cepat respon","5","5.4.0","2023-08-27","Positive","pds","Android"
"ros malawati","aplikasi y lemot loading ykalau bisa bikin appps yang simpel aja ga usah kelihatan keren tapi lemot","3","5.4.0","2023-08-27","Neutral","pds","Android"
"Sobi Subuh","menurut saya pegadaian adalah aplikasi yang masi menganut pembodohan konsumen sama halnya dengan birokrasi tempo dulu kenapa  kalo mau di jual  akses aplikasi untuk penarikan pasti gagal sitem terossss saya sarankan jangan pakai aplikasi babi ini","1","5.5.0","2023-08-27","Negative","pds","Android"
"Supratiknyo Mlg","bagus untuk investasi tabungan emas","5","5.5.0","2023-08-26","Positive","pds","Android"
"Rian Saputra","wajar pinjol dan pinjaman swasta lebih merajalela pinjaman bumn sulit nya","1","5.5.0","2023-08-26","Negative","pds","Android"
"Novita Nur amanah","sudah  kali laporan ganti no tapi ga bisa dipake katanya udah di proses tp ga bisa bisa login konfirmasi dari pusat juga ga ada katanya x jam di tlp tp ga di tlp gmna ni min tolong follow up nya dong cape saya bikin laporan ke kantor terdekat","1","5.5.0","2023-08-26","Negative","pds","Android"
"Maria Yosephina","aplikasi sampah point kepotong banyak tapi voucher undiannya gak sesuai","1","5.5.0","2023-08-26","Negative","pds","Android"
"Mohammad Fathony","rate bintang jelek segitu banyaknya yg komplainjuga kirim via email jawaban muter muter dari csgk ada greget untuk perbaikan","1","5.5.0","2023-08-26","Negative","pds","Android"
"putra pajajaran 1972","good job ğŸ‘","5","5.5.0","2023-08-26","Positive","pds","Android"
"ad od","apps yang banyak bugs error ga pernah ada update perbaikan","2","5.5.0","2023-08-26","Negative","pds","Android"
"Sesi Dyah Anggraeni","aplikasi sering keluar sendiri","2","5.5.0","2023-08-26","Negative","pds","Android"
"Boyke Lauta azlan","penaksiran sadis kalah sama outlet gadai swasta","1","5.5.0","2023-08-26","Negative","pds","Android"
"SINDU NUGROHO","mantap","5","5.5.0","2023-08-25","Positive","pds","Android"
"Queen Maria Akexandra Tubalawony","mantap","5","4.9.0","2023-08-25","Positive","pds","Android"
"A. Selvi","kenapasi login aja susah bgt ganiat bikin sistem online kayanya","1","5.5.0","2023-08-25","Negative","pds","Android"
"Ajeng Ajeng","ini kenapa sih gk bisa log in udh bener semua masih gk bisa juga udah update terbaru smp uninstall terus install lagi tetep gk bisa tolong perbaiki sistemnya donk pegadaian review nya udh jelek bgt","1","5.5.0","2023-08-25","Negative","pds","Android"
"Iwanthepions81 Suwendi","kenapa ga bisa login padahal udah betul password sama no tlp nya","2","5.5.0","2023-08-25","Negative","pds","Android"
"Esraimta Tarigan","sangat buruk untuk akses loginnya aja selalu muncul tulisan oops padahal jaringan bagus","1","5.5.0","2023-08-25","Negative","pds","Android"
"Hafizh Cell","kualitas yang sangat mantaf aplikasinya selalu mengingat kan saya dengan katakata yang mengharukan sekali pegadaian digital selalu bilang ke saya internal server error ğŸ˜Œ","1","5.5.0","2023-08-25","Negative","pds","Android"
"Ahmad Saifur","makasih mantapp cuma sering keluar sendiri aplikasinya","5","5.5.0","2023-08-25","Positive","pds","Android"
"Jesen Yosua","susah log in nya","1","5.5.0","2023-08-24","Negative","pds","Android"
"Tania Marcelina","lemot sekali apa bisa di perbaiki lagi aplikasinya","1","5.5.0","2023-08-24","Negative","pds","Android"
"Hidayatul Adzkiyah","tolong dengan sangat pada pihak pegadaian untuk memperbaiki aplikasinya soalnya laload bangett","3","5.5.0","2023-08-24","Neutral","pds","Android"
"Suryo Adi Sudrajad","bintang  dl krna proses pergantian email salah  digit dr tahun  tidak beres utk d ganti dan pihak pegadaian yg tiba mengganti huruf terahir d email jd cox sehingga tidak  bs terkirim email setiap ada transaksi sdh melakukan apa yg d minta dr pegadaian mulai dr dtang ke kantor lwt wa dll tp zonk hasilnya tidak  berubah kyk ribet bener proses administratifnyağŸ‘ğŸ‘ğŸ‘","1","5.5.0","2023-08-24","Negative","pds","Android"
"Myarkan 2627","taksiran barang disini tinggi giliran dateng k tempatnya d taksir dengan nominal yg membagongkan","1","5.5.0","2023-08-24","Negative","pds","Android"
"cita kartika","knp ini pegadaian digital gak bisa di buka oops silahkan coba lagi cache nya udh dibersihin trus udh uninstal dan instal ulang masih gak bisa jg udh  hari gak bisa dibuka","1","5.5.0","2023-08-24","Negative","pds","Android"
"GZ Channel","mau buka tabungan tapi server buruk terus  aneh sih","1","5.5.0","2023-08-24","Negative","pds","Android"
"raffasya channel","haduh kenapa sekarang ada potonganpenitipan emasjadi gak semangat lagi nabung ya","1","5.5.0","2023-08-23","Negative","pds","Android"
"Tri wahyu eka widya ningsih","baguss","5","5.3.0","2023-08-23","Positive","pds","Android"
"elin bolang","ga bisa ganti nomer di cabang ribetnya padahal ada ktp dan buku tabungan","3","5.5.0","2023-08-23","Neutral","pds","Android"
"INDONESIA","sangat butuh dioptimalkan apk nya error terus g bisa kebuka","2","5.5.0","2023-08-23","Negative","pds","Android"
"Wahu Di","tidak sesuai aplikasi di aplikasi harga jauh beda dari counter pegadaiansangat kecewa dan sangat kurang  rekomen","1","5.5.0","2023-08-23","Negative","pds","Android"
"Rubah Channel","tolong dong ubah kirim kode verifikasi nya ke email saja yg lebih aman jangan via sms ke no hp karena saya tidak bisa login garaÂ² no hp saya hangus dan ribet harus isi data ini itu kalo mo ganti nomer untuk verifikasi sementara ini saya kasih bintang  tapi kalo gada perubahan selam  bulan dari sekarang terpaksa saya kasih bintang  terimakasih","5","5.5.0","2023-08-23","Positive","pds","Android"
"wan zamhur","apk jelek masa iya setiap seminggu sekali harus bwt laporan kalo tabungan kt tdk terbaca di apk nya sekelas aplikasi yg menyimpan uang kt masa seperti ini","1","5.5.0","2023-08-22","Negative","pds","Android"
"Yayan281 Erly","alhamdulilah","5","5.5.0","2023-08-22","Positive","pds","Android"
"IKRAM EDITOR","mantap","5","5.2.0","2023-08-22","Positive","pds","Android"
"Barokah Jaya CCTV Jember","sistemnya sering eror","3","5.5.0","2023-08-21","Neutral","pds","Android"
"ferry hutagalung","sejauh ini utk beli emas jadi tabungan emas baik saja semoga nanti kalau mau jual emas nya tidak ada masalah dari aplikasinya sgt rekom utk jd tabungan masa depan","5","5.5.0","2023-08-21","Positive","pds","Android"
"Rb Riza Sanjuanti","bagus","5","5.3.0","2023-08-21","Positive","pds","Android"
"Jhon's Rz","saya kasih bintang satu karna slama  bln ini tidak  bisa log in parahjd ga bisa di pake ni aplikasi","1","5.5.0","2023-08-21","Negative","pds","Android"
"Isnaini Wilis Sasanti","ini gimana yaa udah top up g cash dari pagi kok uangnya ga masuk masuk sih","1","5.5.0","2023-08-21","Negative","pds","Android"
"Restu Saputra","aplikasi gak guna","5","5.5.0","2023-08-21","Positive","pds","Android"
"Aisya Arfah","susah login","1","5.5.0","2023-08-21","Negative","pds","Android"
"Arex Oreoo","pengajuan ganti nomer sejak tanggal  juli  sampai sekarang  agustus  belum berhasil padahal langsung ke kantor utama yang ada di kota semarang ini pegawainya ngapain aja heran saya","1","5.4.0","2023-08-21","Negative","pds","Android"
"Handi Sukmawijaya","aplikasi makin payah susah banget buat login perbaiki dong untung emas udah saya jual semua jadi makin males buat nabung emas klo aplikasinya ajah banyak kendala kaya gini","1","5.5.0","2023-08-21","Negative","pds","Android"
"Rizky Nurilahi","good","5","5.5.0","2023-08-21","Positive","pds","Android"
"Jabang Tetuko","kendala yg sama mengganggu pelanggan yaitu susah login","1","5.5.0","2023-08-21","Negative","pds","Android"
"sigit bayu aji","mantap top markotop","5","5.5.0","2023-08-20","Positive","pds","Android"
"Rizal Fatoni","jangan download ribet cari lokasi cabang aja susah","1","5.5.0","2023-08-20","Negative","pds","Android"
"Kaifiya Fathin","apk cukup buruk","1","5.5.0","2023-08-20","Negative","pds","Android"
"Arif Hadinata","transfer ga bis apa apa ga bisa aplikasi abal abal kah ini","1","5.4.0","2023-08-20","Negative","pds","Android"
"Kartina Kurnawati","dulu semangat banget nabung emas lewat aplikasi ini tapi sekarang nyesel banget kerasa ketipupas mau dijual gak bisamalah disuruh update ke premium tapi update ke premiumnya susah banget yahupdate melalui aplikasi gak bisaupdate ke kantor cabangnya juga gak bisa aplikasi merugikan sih menurut saya","1","5.5.0","2023-08-19","Negative","pds","Android"
"Dian Rustiana","mau login aja susah minta ampun padahal sinyal bagus tapi mutet terus","1","5.5.0","2023-08-19","Negative","pds","Android"
"soniIrawan71 chanel","kenapa di aplikasi penggadaian digital saya metode pembayaran tidak muncul","3","4.6.4","2023-08-19","Neutral","pds","Android"
"Shera rizkya Febri","aplikasi sering banget error susah login tolong diperbaiki lagi","3","5.5.0","2023-08-18","Neutral","pds","Android"
"Parida Sopiah","tolong dong kenapa jadi susah login harap coba lagi terus","1","5.5.0","2023-08-18","Negative","pds","Android"
"ervina anggraini","baguss","5","5.5.0","2023-08-18","Positive","pds","Android"
"Escgaming 97","cepat dan terukur","4","4.9.0","2023-08-18","Positive","pds","Android"
"Nur Vhatic","segala aplikasi kamu banyak yang downberat dan sulit mengakses menu segera di update trimaksih","2","5.5.0","2023-08-18","Negative","pds","Android"
"Nur Humam","aplikasi buruk","1","5.5.0","2023-08-18","Negative","pds","Android"
"Isti Khomah","sudah hapus aplikasi lama suruh perbarui kok ga bisa download lagi ga bisa bagaimana ini","4","5.3.0","2023-08-18","Positive","pds","Android"
"sri soelistyowati","pelayanannya sudah baik mohon ditingkatkan","5","5.3.0","2023-08-18","Positive","pds","Android"
"AHMAD HERI PERMANA","pikiran yang sehat terdapat di jiwa yang sehat belajar jujur good job","5","5.4.0","2023-08-17","Positive","pds","Android"
"Choirul Chasanah","susah loading tiap kali ke lngkah berikutnya di reload berkali kali clear cache pun tetap susah ketika sdh smpai ditahap pembayaran gk bisa trus dengan keterangan coba lagi coba lagi","1","5.5.0","2023-08-17","Negative","pds","Android"
"Asdwi Maidaliza","sangat bermanfaat mudah diakses dan bisa gadai dari rumah aja prosedur sangat mudah terimakasih pegadaian","4","5.5.0","2023-08-17","Positive","pds","Android"
"M. ISLAH ALMANDARI. A","pegadaian digital sangat memudahkan","5","5.3.0","2023-08-17","Positive","pds","Android"
"Maulida Fitri","mau update aplikasi tidak bisa","1","5.3.0","2023-08-17","Negative","pds","Android"
"mursetyo pradipto","menyedihkan","2","5.5.0","2023-08-17","Negative","pds","Android"
"kasmawati taurus","mau update tpi tidak  bisa terputar terusada apa yach dengan aplikasi ini","3","5.5.0","2023-08-16","Neutral","pds","Android"
"Annisa nur","nggak bisa login sama sekali padahal pw dan nope bener semua aneh","1","5.5.0","2023-08-16","Negative","pds","Android"
"Eby Bruhns","aplikasi yg sangat mudah di pakai sukağŸ‘","5","5.5.0","2023-08-16","Positive","pds","Android"
"Muh Fikra Ashbar","mantap","5","5.5.0","2023-08-16","Positive","pds","Android"
"King Fonataba","mohon segera carikan pegawai it untuk ngurusin fasilitas digital kalian masa kalah sm aplikasi lain","1","5.5.0","2023-08-16","Negative","pds","Android"
"Suhud Mawardi","lagi erorkahdari td log in ga bisa mulu","4","5.5.0","2023-08-16","Positive","pds","Android"
"Izar Kasep","ini aplikasi yg merugikan kunsumenselisih jual kebeli sampai rb harga emas parah sekalli anda ingin untung besar anda","1","5.5.0","2023-08-16","Negative","pds","Android"
"Firman Jaya","gede banget adm nya di sopee emas x pegadaian masa saldo ngendap rb ditambah adm rb pertahun rb setahun doang adminya mahalnyesel buka tabungan emas disini","1","5.5.0","2023-08-16","Negative","pds","Android"
"Yose Armando","sangat baik","5","5.5.0","2023-08-15","Positive","pds","Android"
"Arie himawan (gepenk skip)","kenapa tidak bisa login","1","5.5.0","2023-08-15","Negative","pds","Android"
"Agustin Kartikasari","mau upgrade premium loading lama gak bisa untuk next ini aplikasi apa memang belum sempurna ya  tolong segera disempurnakan agar sesama pengguna bisa melakukan akses dengan mudah tanpa harus ke cabang","1","5.5.0","2023-08-15","Negative","pds","Android"
"Helpman Zebua","user id udah benar password udah benar masih ga bisa login harus menunggu  jam hampir tiap hari begitu terus kadang suka mikir itu tabungan saya masih ada atau sudah hangus sampai login aja di susahin","1","5.5.0","2023-08-15","Negative","pds","Android"
"Afifah Afifah","aplikasi buruk sudah  bulan tidak bisa digunakan","1","5.5.0","2023-08-15","Negative","pds","Android"
"Tonny Wahey","untuk upgrade akun saja lemotnya minta ampuntolong dong di tingkatkan kalau mau bersaing di era digitalkecamatan kota lama kota kupang belum terupdate di app pegadaianterima kasih","1","5.5.0","2023-08-15","Negative","pds","Android"
"Neng Yuun","kenapa ngk bisa login yaa padahal nomor tlp sama passwordnya dah bener padahal mau cek total sisa cicilan gadainya","1","5.5.0","2023-08-15","Negative","pds","Android"
"Ayu Welasasih","alhamdulillah saya dapet poin sudah saya tukarkan sejak bulan juni apa juli ya lupasemoga ada keajaiban kupon saya muncul dapat hadiahnya amin amin amin ya allah ğŸ¤²ğŸ¤²ğŸ¤²ğŸ™ pengadaan sangat membantu sekali usaha dagang kecilkecilan saya dirumah terimakasih pegadaian saya kasih bintang tapi kok mau lihat kuponnya tidak bisa yağŸ˜„","5","5.5.0","2023-08-15","Positive","pds","Android"
"Hendi Irawan","top markotop","5","5.5.0","2023-08-15","Positive","pds","Android"
"Michael Lumingkewas","mantap","5","5.5.0","2023-08-14","Positive","pds","Android"
"charisma indah permata","kenapa g bisa login yamuncul tulisan opps coba lagi pdhl dh ganti password mohon jawabannya","4","5.5.0","2023-08-14","Positive","pds","Android"
"Kanaria __","niat bikin aplikasi atau tidak sebenarnya ngisi data diri aja tidak bisa terkirim kirim padahal posisi sinyal bagus","1","5.5.0","2023-08-14","Negative","pds","Android"
"MSphotography Official","susah transaksi skrg mau jual susah","1","5.5.0","2023-08-14","Negative","pds","Android"
"Ilhamsyah","tidak bisa login padahal aplikasi sudah yang terbaru","1","5.5.0","2023-08-14","Negative","pds","Android"
"Rahmansyah Putra","salam support","5","5.5.0","2023-08-13","Positive","pds","Android"
"Dhifa Latisha","gak bisa daftar bru mau regist aja ngadat aplikasi nya","1","5.5.0","2023-08-13","Negative","pds","Android"
"Handoko Rengga","aplikasi ga gunangebug mulu","1","5.5.0","2023-08-13","Negative","pds","Android"
"diky sodikin","kecamatan atau data alamat masih yg lama tidak pernah update","1","5.5.0","2023-08-12","Negative","pds","Android"
"Herva Ari Setyo Budi","baru mau coba fiturnya","5","5.5.0","2023-08-12","Positive","pds","Android"
"Kairos Selular","mohon diperbaiki skrg klo mau login susah terlalu lama proses tunggu   mggu tunggu terusssss parahh","1","5.5.0","2023-08-12","Negative","pds","Android"
"tato tok","aplikasi terburuk yg pernah di install tiap di buka server sibuk mau upgrade premium susah mau buat nabung jadi mikir  kali kalau kayak gini","1","5.5.0","2023-08-12","Negative","pds","Android"
"sudirman Aja","sudah lebih baik jaringan lebih stabil dan mudah melihat dan membayar cicilan","4","5.5.0","2023-08-12","Positive","pds","Android"
"Gina Febtiyani","gimana seh saya mau pembayaran pegadaian susah masuk bilang coba lagi terus padahal udh login betul pas ke menu pembayaran ga bisa saya mau bayar gmn mana lagi jauh dari kota lagi","1","5.5.0","2023-08-12","Negative","pds","Android"
"Indra Maulana","andi tangsa","5","5.5.0","2023-08-12","Positive","pds","Android"
"zhafran mauliddin","maintanance nya lama","2","5.5.0","2023-08-12","Negative","pds","Android"
"IRWANUDIN","mantap","5","5.5.0","2023-08-12","Positive","pds","Android"
"Nanas store","gabisa upgrade akun ke premium dan apk lemot sring error","1","5.5.0","2023-08-12","Negative","pds","Android"
"Vitha Oktavia","mau jual ga bisatapi kalo digadai bisa waah padahal tulisannya minimal jual  gr saldo emas masih  lebih mau dijual  gr aja ga bisatulisannya saldo anda kurang padahal kalo dijual  gram kan sisa saldo masih  jelas tulisannya minimal saldo harusnya tersisa  tapi lucunya kalo mau digadai bisa hhmm tolong dong diperbaiki sistemnya maunya pengen praktis kalo butuh tinggal jual lewat aplikasi ga perlu ke outlet ini malah aplikasinya aja ga bener","3","5.5.0","2023-08-11","Neutral","pds","Android"
"Maylla Mentari","udah d perbarui sama aja gk bisa masuk aplikasi tambah hari og makin buruk ni aplikasi","1","5.5.0","2023-08-11","Negative","pds","Android"
"kiss Ana","suruh di updatebukan jadi lbh baik malah kacau ga jelas mau masuk ga bisasandi dah betulbahkan pakai sidik jarimasihhhh aja ga bisabikin emosi aja ber x x di kasih kode otptapi ga ada tempat buat masukan kode nya","1","5.5.0","2023-08-11","Negative","pds","Android"
"Riyan Saputra","gw mau login kenapa salah trus padahal ps sama nomor ga ada yg salah benerin lah saya mau cek hrga emas mau beli percuma gaji kalian gede apk masih banyk bug","1","5.5.0","2023-08-11","Negative","pds","Android"
"Sahban Iman Harahap","mau login aja susah","1","5.5.0","2023-08-11","Negative","pds","Android"
"Muhammad Saehu","parah ini aplikasi mau apgred ke premium susahnya minta ampun","1","5.5.0","2023-08-11","Negative","pds","Android"
"deni saputra","parah emas saya sudah saya lunasi tapi gak bisa di ambil harus nunggu  hari padahal waktu itu saya tanya bisa langsung di jual apa gak di jawab bisa  tapi pas di lunasi emasnya gak ada lucu kan","1","5.5.0","2023-08-11","Negative","pds","Android"
"Rahmanita Gz","tolong dong ini udah beberapa hari ini aplikasinya tidak bisa dibuka tulisannya aplikasi error melulu udah update udah uninstall terus install kembali tapi tetap aja tulisannya eror","1","5.5.0","2023-08-11","Negative","pds","Android"
"Linux Studios","metode pembayaran instan hanya shopee pay saja dan itu baru maintenance harusnya lebih variatif bisa tambahkan ovodanagopay dan sejenisnya","2","5.5.0","2023-08-11","Negative","pds","Android"
"I Gusti Ngurah Bagus Surya Negara","aplikasi ti udh minimal nabung k pas d cairin minimal saldo jt klo mau cairin harus ad saldo ngendap k metode pembayaran sedikit ti","1","5.5.0","2023-08-11","Negative","pds","Android"
"audry adrian","aplikasi tolol jaringan ke servernya sampah banget login kirim pin isi otp gagal mulu g paham lagi kenapa aplikasi pemerintah bisa sampah banget kalah jauh sama swasta kebanyakan dikorup apa gimana sih","1","5.5.0","2023-08-11","Negative","pds","Android"
"Maria Eka Retno Utami","kenapa ya saya nggak bisa login pake finger print pakai nomor hp juga ga bisa clear cache udah sinyal okecoba lagi coba lagi cape deh ternyata bnyak juga yang kecewa","2","5.5.0","2023-08-11","Negative","pds","Android"
"Pipin Pirmansyah","login aja susah min perlu banyak di tingkatkan","2","5.5.0","2023-08-11","Negative","pds","Android"
"Lidya Bontot","susah banget buat loginselalu coba lg padahal user sm password nya udh bener","1","5.5.0","2023-08-11","Negative","pds","Android"
"Nana LN","susah login padahal sinyal kuat  password login benar","1","5.4.0","2023-08-11","Negative","pds","Android"
"Anna Dewanti Toding","susah login entah kenapa tidak ada solusi","1","5.5.0","2023-08-11","Negative","pds","Android"
"Lia Safitri","sumpah apa kalian gak bisa bkin aplikasi yg bagus dari sekian bnyak aplikasi pegadaian ini sangat bad lemot bug terus login susah cari programer yg bagus deh masa sekelas pegadaian yg sudah besar gak bisa bikin aplikasi yg bagus  cepet responnya mau masuk muter terus di next ke tahap selanjutnya gak masuk balik lg balik lg bkin hp panas","1","5.5.0","2023-08-11","Negative","pds","Android"
"Trio okta","untuk login sulit setelah update aplikasi padahal saya sudah memakai finger print mohon segera diperbaiki","1","5.5.0","2023-08-11","Negative","pds","Android"
"Gallery Nur (Nur)","rekomended yg punya barang yg di gadai pakai pegadaian aja untuk setor itu gampang banget","5","5.5.0","2023-08-11","Positive","pds","Android"
"Asep Septiadi","stuck di register","1","5.5.0","2023-08-11","Negative","pds","Android"
"Ayunda Aprilian","pelayanan lama banget","1","5.5.0","2023-08-11","Negative","pds","Android"
"Verdie Harianto","elek sumpah apa eror trus tiba kluar loading lamaa ngk guna gito bneran dah","1","5.4.0","2023-08-11","Negative","pds","Android"
"Helo Infinix","aplikasi sontolo aplikasi juara  lalot","1","5.4.0","2023-08-10","Negative","pds","Android"
"mrezi aditya","aplikasi gak jelas mau buka tabungan emas pas milih lokasi gak bisa wkwk padahal gps sudah aktif","1","5.5.0","2023-08-10","Negative","pds","Android"
"Yason Waruwu","udah masukin email dan sandi yg bener malah bilang salah lalu diblokir bumn gak ada yg becus","1","5.5.0","2023-08-10","Negative","pds","Android"
"Chen Yiu Chien","wkwkwkkwknamanya apl bumn iya tau sendiri aja","1","5.5.0","2023-08-10","Negative","pds","Android"
"oreng polo","asli sistemnya buruk saya tidak bisa upgrade malah suruh datang ke kantor cabang sedangkan di daerah saya tidak ada pegadain udah terlanjur inves mas malah sekarang tidak bisa ditarik karena tidak di upgrade","1","5.5.0","2023-08-10","Negative","pds","Android"
"Ilham stupid","milik negara doang tapi kek sampah aplikasinya","1","5.5.0","2023-08-09","Negative","pds","Android"
"iSyam Official","maaf  bintang biasanya ada menu tambah pinjaman setelah di upgrade aplikasinya lah kok hilang menu tambah pinjamannya","2","5.5.0","2023-08-09","Negative","pds","Android"
"Jhon feri felano Marbun","tidak adakah niatan untuk memperbaiki aplikasi ini","2","5.5.0","2023-08-09","Negative","pds","Android"
"Ferry Anggriawan","lemot sulit diakses","1","5.4.0","2023-08-09","Negative","pds","Android"
"M. Jarwanto","kenapa sering keluar pesan server internal error dan susah login  pakai otp tapi input kedaluwarsa","2","5.5.0","2023-08-09","Negative","pds","Android"
"ilham kurniawan","gmn mw masuk era digitalaplikasi nya aja sulit di akses","1","5.5.0","2023-08-09","Negative","pds","Android"
"Kenny Bellanova","aplikasinya semakin kesini semakin sulit untuk login","1","5.5.0","2023-08-09","Negative","pds","Android"
"GAR 321","susah login","1","5.5.0","2023-08-09","Negative","pds","Android"
"Darwin Samudra Nusantara","mau login aja susah padahal saya customer","2","5.5.0","2023-08-09","Negative","pds","Android"
"Martin mustika","sumpah ngeselin bgt gak bisa log in berkali gak bisa ngapai pake aplikasi sih kalau masih repot harus ke gerai aplikasi gak guna","1","5.4.0","2023-08-09","Negative","pds","Android"
"Bey Grunge","ribet banyak bug mau jual aja susah","1","5.4.0","2023-08-09","Negative","pds","Android"
"Khoirul Akmal","tidak bisa login bagaimana ini pdhl pasword sama email nya bener","1","5.5.0","2023-08-09","Negative","pds","Android"
"Devi Shintia (Vie)","di update malah ga bisa login padahal mau transaksi pembayaran","1","5.5.0","2023-08-09","Negative","pds","Android"
"haniv Eko setiawan","untuk loading menunya sangat lambat sekali sehingga sangat perlu diperbaiki barang kali bisa ditambahkan informasi barang lelang terimakasih","3","5.5.0","2023-08-09","Neutral","pds","Android"
"Agus Budiyanto","saran ajah sih min kayak ganti no handphone email dan lainlain bisa lewat aplikasi agar lebih mudah dan tidak harus datang ke kantor cabang","3","5.4.0","2023-08-08","Neutral","pds","Android"
"Rohman Man","serius tanya itu sisa uang lelang wajib di alihkan ke antam y  kok kita mau uang cash ga bisa","1","5.5.0","2023-08-08","Negative","pds","Android"
"I Wayan Arthana","developernya masih kerja sebenarnya aplikasi ini bagus tapi sayang tidak dimaintenance dengan baik login susah daftar susah internal server error rating  bertambah terus karena kecewa aplikasi tidak bisa digunakan akhirnya saya pencet uninstall","1","5.5.0","2023-08-08","Negative","pds","Android"
"Sutanto Sarumaha","sangat memudahkan","5","5.5.0","2023-08-08","Positive","pds","Android"
"Muhammad Bagas Yun Fariko","saat melakukan pembayaran kok tidak bisa loading teruss koneksi bagus di update juga sudah","1","5.5.0","2023-08-08","Negative","pds","Android"
"Havita Sartana","kemaren sih lancar bayar via shopeepay tp sekarang kok jd maintenance trsğŸ¤”ğŸ¤”ğŸ¤”","4","5.4.0","2023-08-07","Positive","pds","Android"
"Rahmat iqbal","awalnya tidak ada kendala sedikit pun tpi skrang terkendala pembayaran via shoopepay trus tertulis sedang maintenance mohon segera di perbaiki","2","5.4.0","2023-08-07","Negative","pds","Android"
"Melanie Widhowatie","pegadaian sangat membantu","5","5.4.0","2023-08-07","Positive","pds","Android"
"Anis Setiawati","untuk upgrade ke premium susah sekali kenapa yasampai di foto selfi selalu terhenti","3","5.4.0","2023-08-07","Neutral","pds","Android"
"Neysha Aulia Rusli","ribet","1","5.4.0","2023-08-07","Negative","pds","Android"
"Vien Mariana","jelek banget ga bisa login pdhl udh bener password nya","1","5.4.0","2023-08-07","Negative","pds","Android"
"Maimunah Saimima Muna","sangat bagus dan membanti terima kasi","5","5.4.0","2023-08-07","Positive","pds","Android"
"Agus Lalat","apl tak berguna imel sama nmer hp udah bener paswot bener masih tidak masok hapus saja apl tak berguna","1","5.4.0","2023-08-06","Negative","pds","Android"
"Aditya Kurniawan","payah","2","5.4.0","2023-08-06","Negative","pds","Android"
"S. Annisa","good","5","5.4.0","2023-08-05","Positive","pds","Android"
"AiniLuki 3111","bingung mau coment apa  keluhannya sama dengan yang lain","1","5.4.0","2023-08-05","Negative","pds","Android"
"Guinakha Yuan","ga bisa masuk sama sekali padahal email udah diverifikasi mau tak hapus bikin data baru tp nomor dan email sudah terdaftar padahal aplikasinya belum bisa kebuka sama sekali","1","5.4.0","2023-08-05","Negative","pds","Android"
"ISHR Channel","aplikasinya buruk sekali mau nyetak emas batangan yang sudah tabung susah banget padahal sudah berkalikali update yang ke premium cuman gak bisa terus akunnya dan sudah diajukan melalui hp maupun datang langsung ke konter masih belum berubah tolong untuk pengembangan sistem aplikasinya diperbaiki lagi agar memberikan kemudahan kepada nasabah untuk menabung emas dan jangan mempersulit nasabah untuk mencetak emas batangan nya","2","5.4.0","2023-08-04","Negative","pds","Android"
"Fantri Bagus","salah pasword muluheran deh","2","5.4.0","2023-08-04","Negative","pds","Android"
"Fatchiyatun Ni'mah","baru instal app tapi tampilannya selalu silahkan tunggu tidak bisa login","1","5.4.0","2023-08-04","Negative","pds","Android"
"Angel","aplikasi tidak berguna sama saja seperti datang ke kantor","1","5.4.0","2023-08-04","Negative","pds","Android"
"Ed Firdaus","tidak bisa beli emas loading terus saat mau pilih metode pembayaran telpon kantor pusat dan datang ke kantor pegadaian mereka gak bisa kasih solusi","1","5.4.0","2023-08-03","Negative","pds","Android"
"Riqi Ihsyani","selalu error saat login","3","5.4.0","2023-08-03","Neutral","pds","Android"
"Muhammad Jaenuri","sangat tidak rekomendasi banget pengajukan gadai jemput sangat lambat koneksi nya padahal lancar koneksi pas masuk aplikasi pegadaian sangat lambat","1","5.4.0","2023-08-03","Negative","pds","Android"
"zam ron","sudah bisa login trmksh yaaa ğŸ˜","5","5.4.0","2023-08-03","Positive","pds","Android"
"Appyta Wulan","susah login udah masukin password dan email yg bener dikata salah sama aplikasi pake finger print gabisa juga terus akhirnya disuruh ditunggu sejam baru bisa login lagi","1","5.4.0","2023-08-03","Negative","pds","Android"
"Anank _","apk nya terlalu berat tolonh di abdate lagi","4","5.4.0","2023-08-03","Positive","pds","Android"
"risty martia Praja","jadi ga bisa login padahal pswd udah betulgimana ini","3","5.4.0","2023-08-03","Neutral","pds","Android"
"harist 456","ntap","5","5.4.0","2023-08-03","Positive","pds","Android"
"lusi ana","susah bgt mau login","1","5.4.0","2023-08-03","Negative","pds","Android"
"Sofi Sakang Sofyan","payah banget ga bisa login cape cape daftar","1","5.4.0","2023-08-03","Negative","pds","Android"
"Rifki Kurniawan","banyak kendala di aplikasi","1","5.4.0","2023-08-03","Negative","pds","Android"
"Maulana Demak","bintang  dlu","2","5.4.0","2023-08-03","Negative","pds","Android"
"Reveller Sinaga","susah dan lambat loginnya nunggu lama","3","5.4.0","2023-08-02","Neutral","pds","Android"
"Yulia Atika","beli mas di app ini  di app nya beli mas dan cetak  diterima dalam waktu  hari kerja kenyataannya bln belum lagi saya terima komplain dicabang pengambilan pelayanan telernya pun buruk","1","5.4.0","2023-08-02","Negative","pds","Android"
"Inosen Nadeak","gk rekomendasi pengubahan no tlp sangat ribet mempersulit cust sudh via online vcall cust service sudah ke outlet terdekat sudah ke outlet pembukaan rekening hasilnya nothing","1","5.4.0","2023-08-02","Negative","pds","Android"
"Cang Hendri","asik mudah menyenangkan lebih praktis","5","5.4.0","2023-08-01","Positive","pds","Android"
